{
  "Artist": [
    {
      "Role": "Artist",
      "Name": "Aditya",
      "Email": "adi@gmail.com",
      "Art_Form": "Singing",
      "Contact_No": "6547896325",
      "Gender": "Male",
      "Address": "Nagpur",
      "Password": "123",
      "C_Password": "123",
      "Profile_Pic": "C:\\fakepath\\Alessandro-Pautasso-05.jpg",
      "id": 3
    },
    
    {
      "Role": "Artist",
      "Name": "Mohit",
      "Email": "m@gmail.com",
      "Art_Form": "Dance",
      "Contact_No": "6547896325",
      "Gender": "Male",
      "Address": "Pune",
      "Password": "321",
      "C_Password": "321",
      "Profile_Pic": "C:\\fakepath\\Didgeridoo-785x523.webp",
      "id": 7
    }
  ],
  "User": [
    
  ]
}